﻿{
   "CodeGenerationMode": 0,
   "ContextClassName": "AppDbContext",
   "ContextNamespace": "Context",
   "DefaultDacpacSchema": null,
   "FilterSchemas": false,
   "IncludeConnectionString": true,
   "ModelNamespace": "Models",
   "OutputContextPath": "Context",
   "OutputPath": "Models",
   "ProjectRootNamespace": "api_DBManagement",
   "Schemas": null,
   "SelectedHandlebarsLanguage": 0,
   "SelectedToBeGenerated": 0,
   "Tables": [
      {
         "Name": "[dbo].[ManagerDB]",
         "ObjectType": 0
      }
   ],
   "UiHint": "DESKTOP-MUAPND8\\MSSQLLOCALDB.productcatalog-arandasoft",
   "UseBoolPropertiesWithoutDefaultSql": false,
   "UseDatabaseNames": true,
   "UseDbContextSplitting": false,
   "UseFluentApiOnly": true,
   "UseHandleBars": false,
   "UseHierarchyId": false,
   "UseInflector": true,
   "UseLegacyPluralizer": false,
   "UseManyToManyEntity": false,
   "UseNoConstructor": false,
   "UseNoDefaultConstructor": false,
   "UseNoNavigations": false,
   "UseNoObjectFilter": false,
   "UseNodaTime": false,
   "UseNullableReferences": false,
   "UseSchemaFolders": false,
   "UseSpatial": false
}